{
  "XAUUSD": 1,
  "XAGUSD": 50,
  "XPTUSD": 10,
  "XPDUSD": 10,
  "XCUUSD": 25,
  "BTCUSD": 1,
  "ETHUSD": 10,
  "LTCUSD": 100,
  "GBPAUD": 6.4959999999999996,
  "EURAUD": 6.4959,
  "AUDCAD": 7.226,
  "AUDCHF": 12.443,
  "AUDNZD": 5.862,
  "EURUSD": 10,
  "GBPUSD": 10,
  "AUDUSD": 10,
  "NZDUSD": 10,
  "USDCHF": 12.446,
  "USDCAD": 7.230762556219178,
  "USDJPY": 6.787,
  "EURJPY": 6.787,
  "GBPJPY": 6.787,
  "AUDJPY": 6.787,
  "NZDJPY": 6.787,
  "CHFJPY": 6.787,
  "CADJPY": 6.787,
  "EURGBP": 13.4751,
  "GBPCAD": 7.2250000000000005,
  "GBPCHF": 12.446
}