{
  "XAUUSD": 1,
  "XAGUSD": 50,
  "XPTUSD": 10,
  "XPDUSD": 10,
  "XCUUSD": 25,
  "BTCUSD": 1,
  "ETHUSD": 10,
  "LTCUSD": 100,
  "GBPNZD": 4.338714785906119,
  "EURCAD": 6.185286440615065,
  "GBPJPY": 5.022248561125787,
  "USDCHF": 12.461835628388062
}